{"Number of Params": 2841002, "Train Loss": 0.027375036345587838, "Test Loss": 0.026677932739257813, "_timestamp": 1661435716, "_runtime": 1944, "_step": 500, "Training Time": 1912.2939856052399, "MSE Test Error": 0.0005464596324600279, "MAE Test Error": 0.013950610533356667, "Burgers": {"_type": "plotly-file", "sha256": "cc40529045bc2954a3bd5455d787cf3bbab7a8a7d310d5af0117b1b3c32bcf34", "size": 46296, "path": "media/plotly/Burgers_500_cc40529045bc2954a3bd.plotly.json"}, "_wandb": {"runtime": 1966}}